?????? 0;?????? 1;?????? 2 ;?????? 3;?????? 4;?? ???. ;? ?????.;??????;???;?/? ??????;?/? (max);???????? ?????;?????? (????? 1 ??? ???????);???;????????? ??????;???? ?????????? ??????;????? ??? ?????????? ??????;???? ?????????? ??????;????????, ??’? ?? ?? ????????;???????? ?????? (??? ???) / ????????? ?????? (??? ???);????????? ?????????? ?/?;????? ?? ??? / ? ????.;??????, ?? ???? ?/? ?? ??? (? ???????? - ???? ? ?/?);?/?, ???? ?? ?????? ?? ???;???. ????;?????? 0;?????? 1;?????? 2 ;?????? 3;?????? 4;????? ?????? (??? ?????????? ??????);???? ??????????? ? ?4990
???;???;;;;;;????????? ????????????? ???????????? ;;;;;;;;;;;;;;;;;;???;???;;;;;
???;???;;;;1;1;???????? ??????????;????????????;24;24;5070;390%;7001003;????????????;23.06.2024;"???? ""??????"" ? 491";;?????????? ????????? ???????????;;;;;;1;???;???;;;;???????? ?????????? ?????????? ????????????? ????????????;21.04.2025
???;???;;;;2;2;????????? ????????? ?????????? ? ????????????? ????????? ?????????;?????;23;23;4930;390%;3420003;?????;16.2014;???. ?????????-????????????????? ???? ?259;;??????? ????????? ??????????;;;;;;1;???;???;;;;????????? ????????? ?????????? ? ????????????? ????????? ????????? ?????????? ????????????? ????????????;05.05.2025
???;???;;;;3;3;????????? ????????? ?????????? ? ?????????;?????;23;23;4930;390%;7050003;?????;29.09.2024;;28.05.2019;?????? ?????? ????????????;;;;;;1;???;???;;;;????????? ????????? ?????????? ? ????????? ?????????? ????????????? ????????????;09.07.2024
???;???;;;;4;4;????????? ????????? ?????????? ? ????;?????;23;23;4930;390%;7001003;?????;17.09.2024;???? ?????? ?745;;????? ???????? ?????????????;;;;;;1;???;???;;;;????????? ????????? ?????????? ? ???? ?????????? ????????????? ????????????;12.09.2025
???;???;;;;5;;???????? ???????;????-???????;18;18;4230;412%;929;;;;;;;;;;;1;???;???;;;;???????? ??????? ?????????? ????????????? ????????????;
???;???;????;;;;;???? ;;;;;;;;;;;;;;;;;;???;???;????;;;;
???;???;????;;;6;5;????????? ????? - ????????? ????????? ??????????;?????;23;23;4930;390%;7001003;????????????;30.12.2005;??? ???;;??????? ?????? ????????????;;;;;;1;???;???;????;;;????????? ????? - ????????? ????????? ?????????? ????? ?????????? ????????????? ????????????;02.04.2025
???;???;????;;;7;;????????? ??’????;??????? ?????????;17;17;4090;420%;1210003;;;;;;;;;;;;???;???;????;;;????????? ??’???? ????? ?????????? ????????????? ????????????;
???;???;????;;;8;6;??????;??????? ?????????;15;15;3810;443%;2905003;?????????;28.07.2025;"???? ""??????"" ?569";;???????  ??????? ?????????????;;;;;;;???;???;????;;;?????? ????? ?????????? ????????????? ????????????;24.06.2025
???;???;???? ???????????? ????????????;;;;;???? ???????????? ???????????? ;;;;;;;;;;;;;;;;;;???;???;???? ???????????? ????????????;;;;
???;???;???? ???????????? ????????????;;;9;7;???????? ????;???????;19;19;4370;405%;7035003;???????;29.09.2024;;;??????????? ?????? ?????????????;;;;;;1;???;???;???? ???????????? ????????????;;;???????? ???? ???????????? ???????????? ?????????? ????????????? ????????????;24.07.2024
???;???;???? ???????????? ????????????;;;10;8;??????? ??????;????-???????;10;10;3260;486%;738;???????-???????;19.05.2025;?30-?? ?4955;;????? ??????? ?????????;;;;;;;???;???;???? ???????????? ????????????;;;??????? ?????? ???? ???????????? ???????????? ?????????? ????????????? ????????????;08.07.2025
???;???;???? ???????????? ????????????;;;11;9;???????? ???????;???????? ???????;12;12;3440;480%;790;???????? ???????;30.12.2021;"???? ""??????"" ?51-??";;??????? ??????? ?????????????;;;;;;1;???;???;???? ???????????? ????????????;;;???????? ??????? ???? ???????????? ???????????? ?????????? ????????????? ????????????;11.08.2025
???;???;???? ???????????? ????????????;;;12;10;??????? ?? ????????????? ????????????;??????? ???????;10;10;3260;486%;787;??????? ???????;23.10.1997;???. ???.?? 4117 ?557;;????? ???????? ????????;;;;;;1;???;???;???? ???????????? ????????????;;;??????? ?? ????????????? ???????????? ???? ???????????? ???????????? ?????????? ????????????? ????????????;10.05.2025
???;???;???? ???????????? ????????????;;;13;11;??????? ??????? ?????;???????;7;7;3000;505%;878;???????;27.10.2024;????? ????????? ?? ?1126;;??????? ?????? ???????????;;;;;;;???;???;???? ???????????? ????????????;;;??????? ??????? ????? ???? ???????????? ???????????? ?????????? ????????????? ????????????;17.01.2025
???;???;???? ???????????? ????????????;??????? ??????? ???????????;;;; ????????????? ????? ??????? ??????????? ;;;;;;;;;;;;;;;;;;???;???;???? ???????????? ????????????;??????? ??????? ???????????;;;
???;???;???? ???????????? ????????????;??????? ??????? ???????????;;14;12;???????? ??????;??????? ?????????;12;12;3440;480%;7035003;??????? ?????????;07.02.2025;"?? ""??????"" ?103";;???????? ?????? ??????????;;;;;;;???;???;???? ???????????? ????????????;??????? ??????? ???????????;;???????? ?????? ?????????????? ?????? ??????? ??????????? ???? ???????????? ???????????? ?????????? ????????????? ????????????;23.11.2024
???;???;???? ???????????? ????????????;??????? ??????? ???????????;1???????????? ?????????? ;;;1 ???????????? ?????????? ;;;;;;;;;;;;;;;;;;???;???;???? ???????????? ????????????;??????? ??????? ???????????;1???????????? ?????????? ;;
???;???;???? ???????????? ????????????;??????? ??????? ???????????;1???????????? ?????????? ;15;13;???????? ???????- ???????? ??????????;??????? ???????;10;10;3260;486%;790;???????? ???????;02.06.2025;????? ???. ?? ?4990 ? 14-??;;??????? ?????? ??????????;;;;;;;???;???;???? ???????????? ????????????;??????? ??????? ???????????;1???????????? ?????????? ;???????? ???????- ???????? ?????????? 1 ?????????????? ?????????? ?????????????? ?????? ??????? ??????????? ???? ???????????? ???????????? ?????????? ????????????? ????????????;09.05.2025
???;???;???? ???????????? ????????????;??????? ??????? ???????????;1???????????? ?????????? ;16;;??????? ?????;??????? ??????;6/4;6;2910;513%;790;;;;;;;;;;;;???;???;???? ???????????? ????????????;??????? ??????? ???????????;1???????????? ?????????? ;??????? ????? 1 ?????????????? ?????????? ?????????????? ?????? ??????? ??????????? ???? ???????????? ???????????? ?????????? ????????????? ????????????;
???;???;???? ???????????? ????????????;??????? ??????? ???????????;1???????????? ?????????? ;17;14;?????;??????;5/2;5;2820;523%;790;??????;21.05.2025;????? ???. ?? ?4990 ? 13-??;;????? ????????? ???????????;;;;;;;???;???;???? ???????????? ????????????;??????? ??????? ???????????;1???????????? ?????????? ;????? 1 ?????????????? ?????????? ?????????????? ?????? ??????? ??????????? ???? ???????????? ???????????? ?????????? ????????????? ????????????;28.04.2025
???;???;???? ???????????? ????????????;??????? ??????? ???????????;1???????????? ?????????? ;18;15;?????;??????;5/2;5;2820;523%;790;??????? ??????;10.03.2006;;;??????? ?????? ????????;;0;;;;;???;???;???? ???????????? ????????????;??????? ??????? ???????????;1???????????? ?????????? ;????? 1 ?????????????? ?????????? ?????????????? ?????? ??????? ??????????? ???? ???????????? ???????????? ?????????? ????????????? ????????????;26.06.2025
???;???;???? ???????????? ????????????;??????? ??????? ???????????;1???????????? ?????????? ;19;;?????;??????;5/2;5;2820;523%;790;;;;;;;;;;;;???;???;???? ???????????? ????????????;??????? ??????? ???????????;1???????????? ?????????? ;????? 1 ?????????????? ?????????? ?????????????? ?????? ??????? ??????????? ???? ???????????? ???????????? ?????????? ????????????? ????????????;
???;???;???? ???????????? ????????????;??????? ??????? ???????????;1???????????? ?????????? ;20;16;?????;??????;5/2;5;2820;523%;790;???????? ???????;;;;???????? ?????? ?????????????;;;;;;;???;???;???? ???????????? ????????????;??????? ??????? ???????????;1???????????? ?????????? ;????? 1 ?????????????? ?????????? ?????????????? ?????? ??????? ??????????? ???? ???????????? ???????????? ?????????? ????????????? ????????????;28.06.2024
???;???;???? ???????????? ????????????;??????? ??????? ???????????;1???????????? ?????????? ;21;17;?????;??????;5/2;5;2820;523%;790;??????;;;;???'?? ???????? ?????????????;;;;;;;???;???;???? ???????????? ????????????;??????? ??????? ???????????;1???????????? ?????????? ;????? 1 ?????????????? ?????????? ?????????????? ?????? ??????? ??????????? ???? ???????????? ???????????? ?????????? ????????????? ????????????;27.07.2025
???;???;???? ???????????? ????????????;??????? ??????? ???????????;1???????????? ?????????? ;22;;?????;??????;5/2;5;2820;523%;790;;;;;;;;;;;;???;???;???? ???????????? ????????????;??????? ??????? ???????????;1???????????? ?????????? ;????? 1 ?????????????? ?????????? ?????????????? ?????? ??????? ??????????? ???? ???????????? ???????????? ?????????? ????????????? ????????????;
???;???;???? ???????????? ????????????;??????? ??????? ???????????;1???????????? ?????????? ;23;18;?????;??????;5/2;5;2820;523%;790;??????;16.092008;??? ?78;;???????? ?????? ???????????? ;;;;;;;???;???;???? ???????????? ????????????;??????? ??????? ???????????;1???????????? ?????????? ;????? 1 ?????????????? ?????????? ?????????????? ?????? ??????? ??????????? ???? ???????????? ???????????? ?????????? ????????????? ????????????;12.08.2025
???;???;???? ???????????? ????????????;??????? ??????? ???????????;1???????????? ?????????? ;24;19;?????;??????;5/2;5;2820;523%;790;??????? ??????;23.09.2025;????? ???. ?? ?4990 ? 27-??;;???????? ???? ??????????;;;;;;;???;???;???? ???????????? ????????????;??????? ??????? ???????????;1???????????? ?????????? ;????? 1 ?????????????? ?????????? ?????????????? ?????? ??????? ??????????? ???? ???????????? ???????????? ?????????? ????????????? ????????????;13.08.2025
???;???;???? ???????????? ????????????;??????? ??????? ???????????;2???????????? ?????????? ;;;2 ???????????? ?????????? ;;;;;;;;;;;;;;;;;;???;???;???? ???????????? ????????????;??????? ??????? ???????????;2???????????? ?????????? ;;
???;???;???? ???????????? ????????????;??????? ??????? ???????????;2???????????? ?????????? ;25;;???????? ??????????;???????? ???????;7/6;7;3000;505%;790182?;;;;;;;;;;;;???;???;???? ???????????? ????????????;??????? ??????? ???????????;2???????????? ?????????? ;???????? ?????????? 2 ?????????????? ?????????? ?????????????? ?????? ??????? ??????????? ???? ???????????? ???????????? ?????????? ????????????? ????????????;
???;???;???? ???????????? ????????????;??????? ??????? ???????????;2???????????? ?????????? ;26;;??????? ?????;??????? ??????;6/4;6;2910;513%;790702?;;;;;;;;;;;;???;???;???? ???????????? ????????????;??????? ??????? ???????????;2???????????? ?????????? ;??????? ????? 2 ?????????????? ?????????? ?????????????? ?????? ??????? ??????????? ???? ???????????? ???????????? ?????????? ????????????? ????????????;
???;???;???? ???????????? ????????????;??????? ??????? ???????????;2???????????? ?????????? ;27;20;?????;??????;5/2;5;2820;523%;790037?;??????? ???????;12.08.2024;???? ?? ?5018 ?16-??;;????????? ?????? ?????????????;;;;;;;???;???;???? ???????????? ????????????;??????? ??????? ???????????;2???????????? ?????????? ;????? 2 ?????????????? ?????????? ?????????????? ?????? ??????? ??????????? ???? ???????????? ???????????? ?????????? ????????????? ????????????;05.10.2025
???;???;???? ???????????? ????????????;??????? ??????? ???????????;2???????????? ?????????? ;28;21;?????;??????;5/2;5;2820;523%;790037?;??????;01.08.2025;? 48;;???????? ???????? ???????????;;;;;;;???;???;???? ???????????? ????????????;??????? ??????? ???????????;2???????????? ?????????? ;????? 2 ?????????????? ?????????? ?????????????? ?????? ??????? ??????????? ???? ???????????? ???????????? ?????????? ????????????? ????????????;13.08.2025
???;???;???? ???????????? ????????????;??????? ??????? ???????????;2???????????? ?????????? ;29;;?????;??????;5/2;5;2820;523%;790037?;;;;;;;;;;;;???;???;???? ???????????? ????????????;??????? ??????? ???????????;2???????????? ?????????? ;????? 2 ?????????????? ?????????? ?????????????? ?????? ??????? ??????????? ???? ???????????? ???????????? ?????????? ????????????? ????????????;
???;???;???? ???????????? ????????????;??????? ??????? ???????????;2???????????? ?????????? ;30;22;?????;??????;5/2;5;2820;523%;790037?;???????;25.12.1992;?224 ?/? 42719;;????? ????????? ????????;;;;;;;???;???;???? ???????????? ????????????;??????? ??????? ???????????;2???????????? ?????????? ;????? 2 ?????????????? ?????????? ?????????????? ?????? ??????? ??????????? ???? ???????????? ???????????? ?????????? ????????????? ????????????;21.08.2025
???;???;???? ???????????? ????????????;??????? ??????? ???????????;2???????????? ?????????? ;31;23;?????;??????;5/2;5;2820;523%;790037?;???????;;;;?????'???? ???????? ???????????;;;;;;;???;???;???? ???????????? ????????????;??????? ??????? ???????????;2???????????? ?????????? ;????? 2 ?????????????? ?????????? ?????????????? ?????? ??????? ??????????? ???? ???????????? ???????????? ?????????? ????????????? ????????????;21.08.2025
???;???;???? ???????????? ????????????;??????? ??????? ???????????;2???????????? ?????????? ;32;24;?????;??????;5/2;5;2820;523%;790037?;??????;02.03.1992;??????????????? ???? ?? ?? ?34;;???????? ???? ?????????????;;;;;;;???;???;???? ???????????? ????????????;??????? ??????? ???????????;2???????????? ?????????? ;????? 2 ?????????????? ?????????? ?????????????? ?????? ??????? ??????????? ???? ???????????? ???????????? ?????????? ????????????? ????????????;11.08.2025
???;???;???? ???????????? ????????????;??????? ??????? ???????????;2???????????? ?????????? ;33;25;?????;??????;5/2;5;2820;523%;790037?;???????;12.10.1996;11-?? ?\? 0289;;???????? ????????? ???????????;;;;;;;???;???;???? ???????????? ????????????;??????? ??????? ???????????;2???????????? ?????????? ;????? 2 ?????????????? ?????????? ?????????????? ?????? ??????? ??????????? ???? ???????????? ???????????? ?????????? ????????????? ????????????;23.08.2025
???;???;???? ????????????;?????????? ?????;;;;?????????? ?????;;;;;;;;;;;;;;;;;;???;???;???? ????????????;?????????? ?????;;;
???;???;???? ????????????;?????????? ?????;;34;26;???????? ??????;???????? ???????;11;11;3350;483%;787;???????;14.06.1992;;;?????? ????????? ???????????;;;;;;;???;???;???? ????????????;?????????? ?????;;???????? ?????? ???????????? ???? ???????????? ???????????? ?????????? ????????????? ????????????;21.05.2025
???;???;???? ???????????? ????????????;?????????? ?????;????????? ??????????;;;????????? ?????????? ;;;;;;;;;;;;;;;;;;???;???;???? ???????????? ????????????;?????????? ?????;????????? ??????????;;
???;???;???? ???????????? ????????????;?????????? ?????;????????? ??????????;35;27;???????? ??????? - ???????? ??????????;???????? ???????;10;10;3260;486%;713;???????;08.11.2023;?/? ?4723 ?123-?? ??? 08.11.23;;??????? ?????? ?????????????;???????? ???????-???????? ?????????? ????;;;;;;???;???;???? ???????????? ????????????;?????????? ?????;????????? ??????????;???????? ??????? - ???????? ??????????? ?????????? ??????????? ?????? ???? ???????????? ???????????? ?????????? ????????????? ????????????;13.02.2025
???;???;???? ???????????? ????????????;?????????? ?????;????????? ??????????;36;;???????? ??????????;???????? ???????;7/6;7;3000;505%;713;;;;;;;;;;;;???;???;???? ???????????? ????????????;?????????? ?????;????????? ??????????;???????? ?????????? ??????????? ?????????? ??????????? ?????? ???? ???????????? ???????????? ?????????? ????????????? ????????????;
???;???;???? ???????????? ????????????;?????????? ?????;????????? ??????????;37;28;?????;??????;5/2;5;2820;523%;790;??????;01.02.2025;????? ?????????? ????????????? ???? ?? ?? ? 33 ??? 01.02.2025;;????? ????????? ????????;;;;;;;???;???;???? ???????????? ????????????;?????????? ?????;????????? ??????????;????? ??????????? ?????????? ??????????? ?????? ???? ???????????? ???????????? ?????????? ????????????? ????????????;26.02.2025
???;???;???? ???????????? ????????????;?????????? ?????;????????? ??????????;38;;?????-????????????????????? (?????????????????);??????;4/3;4;2730;535%;790;;;;;;;;;;;;???;???;???? ???????????? ????????????;?????????? ?????;????????? ??????????;?????-????????????????????? (?????????????????) ??????????? ?????????? ??????????? ?????? ???? ???????????? ???????????? ?????????? ????????????? ????????????;
???;???;???? ???????????? ????????????;?????????? ?????;????????? ??????????;39;29;??????????;??????;2/2;2;2550;567%;790;??????;01.12.1990;;;???? ???? ????????;;;;;;;???;???;???? ???????????? ????????????;?????????? ?????;????????? ??????????;?????????? ??????????? ?????????? ??????????? ?????? ???? ???????????? ???????????? ?????????? ????????????? ????????????;11.08.2025
???;???;???? ???????????? ????????????;?????????? ?????;????????? ??????????;40;30;??????????;??????;2/2;2;2550;567%;713;??????;;;;??????? ?????? ?????????????;;;;;;;???;???;???? ???????????? ????????????;?????????? ?????;????????? ??????????;?????????? ??????????? ?????????? ??????????? ?????? ???? ???????????? ???????????? ?????????? ????????????? ????????????;27.09.2024
???;???;???? ???????????? ????????????;?????????? ?????;????????? ??????????;41;31;??????????;??????;2/2;2;2550;567%;713;??????;;;;????????? ????????? ?????????????;;;;;;;???;???;???? ???????????? ????????????;?????????? ?????;????????? ??????????;?????????? ??????????? ?????????? ??????????? ?????? ???? ???????????? ???????????? ?????????? ????????????? ????????????;27.09.2024
???;???;???? ???????????? ????????????;?????????? ?????;????????? ??????????;42;32;??????????;??????;2/2;2;2550;567%;713;???????;45109;?98-?? ?1376;;??????????? ??????? ????????;;0;;;;;???;???;???? ???????????? ????????????;?????????? ?????;????????? ??????????;?????????? ??????????? ?????????? ??????????? ?????? ???? ???????????? ???????????? ?????????? ????????????? ????????????;25.06.2025
???;???;???? ???????????? ????????????;?????????? ?????;????????? ??????????;43;33;??????????;??????;2/2;2;2550;567%;713;??????;23.10.2024;????? ????????? ?? ?4990 ?10-??;;???????? ????????? ?????????????;;;;;;;???;???;???? ???????????? ????????????;?????????? ?????;????????? ??????????;?????????? ??????????? ?????????? ??????????? ?????? ???? ???????????? ???????????? ?????????? ????????????? ????????????;27.09.2024
???;???;???? ???????????? ????????????;???????? ?????????????? ?????;;;;???????? ?????????????? ????? ;;;;;;;;;;;;;;;;;;???;???;???? ???????????? ????????????;???????? ?????????????? ?????;;;
???;???;???? ???????????? ????????????;???????? ?????????????? ?????;;44;;????????? ??????;???????? ???????;8;8;3080;492%;713;;;;;;;;;;;1;???;???;???? ???????????? ????????????;???????? ?????????????? ?????;;????????? ????????? ??????????????? ?????? ????????? ??????????????? ????????? ??????????????? ?????? ???? ???????????? ???????????? ?????????? ????????????? ????????????;
???;???;???? ???????????? ????????????;???????? ?????????????? ?????;????? ?????????? ?????????? ????????;;;????? ?????????? ?????????? ???????? ;;;;;;;;;;;;;;;;;;???;???;???? ???????????? ????????????;???????? ?????????????? ?????;????? ?????????? ?????????? ????????;;
???;???;???? ???????????? ????????????;???????? ?????????????? ?????;????? ?????????? ?????????? ????????;45;34;????????? ?????;???????;8;8;3080;492%;725;???????;;;;???????? ?????? ?????????;;;;;;1;???;???;???? ???????????? ????????????;???????? ?????????????? ?????;????? ?????????? ?????????? ????????;????????? ????? ?????????? ?????????? ???????? ????????? ??????????????? ????????? ??????????????? ?????? ???? ???????????? ???????????? ?????????? ????????????? ????????????;29.06.2024
???;???;???? ???????????? ????????????;???????? ?????????????? ?????;????? ?????????? ?????????? ????????;46;35;????????;??????;1/1;1;2470;590%;725;???????? ???????;23.07.2022;???.???.?/? 1796 ?16-??;;?????? ?????? ???????????;???;;;;;;???;???;???? ???????????? ????????????;???????? ?????????????? ?????;????? ?????????? ?????????? ????????;???????? ????? ?????????? ?????????? ???????? ????????? ??????????????? ????????? ??????????????? ?????? ???? ???????????? ???????????? ?????????? ????????????? ????????????;16.07.2025
???;???;???? ???????????? ????????????;???????? ?????????????? ?????;????? ?????????? ??????????? ?? ???????? ?????????;;;????? ?????????? ??????????? ?? ???????? ????????? ;;;;;;;;;;;;;;;;;;???;???;???? ???????????? ????????????;???????? ?????????????? ?????;????? ?????????? ??????????? ?? ???????? ?????????;;
???;???;???? ???????????? ????????????;???????? ?????????????? ?????;????? ?????????? ??????????? ?? ???????? ?????????;47;;????????? ?????;???????;8;8;3080;492%;725;;;;;;;;;;;1;???;???;???? ???????????? ????????????;???????? ?????????????? ?????;????? ?????????? ??????????? ?? ???????? ?????????;????????? ????? ?????????? ??????????? ?? ???????? ????????? ????????? ??????????????? ????????? ??????????????? ?????? ???? ???????????? ???????????? ?????????? ????????????? ????????????;
???;???;???? ???????????? ????????????;???????? ?????????????? ?????;????? ?????????? ??????????? ?? ???????? ?????????;48;36;????????;??????;1/1;1;2470;590%;725;??????;01.08.2025;? 48-?? ????????? ????? ?? ??;;????? ????? ??????????;;;;;;;???;???;???? ???????????? ????????????;???????? ?????????????? ?????;????? ?????????? ??????????? ?? ???????? ?????????;???????? ????? ?????????? ??????????? ?? ???????? ????????? ????????? ??????????????? ????????? ??????????????? ?????? ???? ???????????? ???????????? ?????????? ????????????? ????????????;12.08.2025
???;???;???? ???????????? ????????????;???????? ?????????????? ?????;????? ?????????? ?????????? ???????????;;;????? ?????????? ?????????? ??????????? ;;;;;;;;;;;;;;;;;;???;???;???? ???????????? ????????????;???????? ?????????????? ?????;????? ?????????? ?????????? ???????????;;
???;???;???? ???????????? ????????????;???????? ?????????????? ?????;????? ?????????? ?????????? ???????????;49;;????????? ?????;???????;8;8;3080;492%;737;;;;;;;;;;;1;???;???;???? ???????????? ????????????;???????? ?????????????? ?????;????? ?????????? ?????????? ???????????;????????? ????? ?????????? ?????????? ??????????? ????????? ??????????????? ????????? ??????????????? ?????? ???? ???????????? ???????????? ?????????? ????????????? ????????????;
???;???;???? ???????????? ????????????;???????? ?????????????? ?????;????? ?????????? ?????????? ???????????;50;37;????????;??????;1/1;1;2470;590%;737;??????? ??????;17.03.2005;?1656 ? 53;;????????? ?????? ??????????;;;;;;;???;???;???? ???????????? ????????????;???????? ?????????????? ?????;????? ?????????? ?????????? ???????????;???????? ????? ?????????? ?????????? ??????????? ????????? ??????????????? ????????? ??????????????? ?????? ???? ???????????? ???????????? ?????????? ????????????? ????????????;11.08.2025
???;???;???? ???????????? ????????????;???????? ?????????????? ?????;????? ?????????? ??????????? ?????;;;????? ?????????? ??????????? ????? ;;;;;;;;;;;;;;;;;;???;???;???? ???????????? ????????????;???????? ?????????????? ?????;????? ?????????? ??????????? ?????;;
???;???;???? ???????????? ????????????;???????? ?????????????? ?????;????? ?????????? ??????????? ?????;51;38;????????? ?????;???????;8;8;3080;492%;713;??????? ???????;02.10.2015;;;?????????? ???? ????????????;;;;;;1;???;???;???? ???????????? ????????????;???????? ?????????????? ?????;????? ?????????? ??????????? ?????;????????? ????? ?????????? ??????????? ????? ????????? ??????????????? ????????? ??????????????? ?????? ???? ???????????? ???????????? ?????????? ????????????? ????????????;25.07.2024
???;???;???? ???????????? ????????????;???????? ?????????????? ?????;????? ?????????? ??????????? ?????;52;39;????????;??????;1/1;1;2470;590%;713;??????;;;;?????? ?????? ???????????;;;;;;;???;???;???? ???????????? ????????????;???????? ?????????????? ?????;????? ?????????? ??????????? ?????;???????? ????? ?????????? ??????????? ????? ????????? ??????????????? ????????? ??????????????? ?????? ???? ???????????? ???????????? ?????????? ????????????? ????????????;27.09.2024
???;???;???? ???????????? ????????????;???????? ?????????????? ?????;????? ?????????? ????????? ?? ??????? ;;;????? ?????????? ??????? ??????????? ?????????? ??????????;;;;;;;;;;;;;;;;;;???;???;???? ???????????? ????????????;???????? ?????????????? ?????;????? ?????????? ????????? ?? ??????? ;;
???;???;???? ???????????? ????????????;???????? ?????????????? ?????;????? ?????????? ??????????? ?????;53;40;????????? ?????;???????;8;8;3080;492%;225;???????? ???????;;;;???????? ???? ??????????;;;;;;1;???;???;???? ???????????? ????????????;???????? ?????????????? ?????;????? ?????????? ??????????? ?????;????????? ????? ?????????? ??????? ??????????? ?????????? ?????????? ????????? ??????????????? ?????? ???? ???????????? ???????????? ?????????? ????????????? ????????????;29.06.2024
???;???;???? ???????????? ????????????;???????? ?????????????? ?????;????? ?????????? ??????????? ?????;54;41;????????;??????;1/1;1;2470;590%;225;??????;14.03.2024;;;???????? ??????? ????????????;;;;;;;???;???;???? ???????????? ????????????;???????? ?????????????? ?????;????? ?????????? ??????????? ?????;???????? ????? ?????????? ??????? ??????????? ?????????? ?????????? ????????? ??????????????? ?????? ???? ???????????? ???????????? ?????????? ????????????? ????????????;20.06.2025
???;???;???? ???????????? ??????????????, ??????? ?? ?????????-????????? ??????;;;;;???? ???????????? ??????????????, ??????? ?? ?????????-????????? ?????? ;;;;;;;;;;;;;;;;;;???;???;???? ???????????? ??????????????, ??????? ?? ?????????-????????? ??????;;;;
???;???;???? ???????????? ??????????????, ??????? ?? ?????????-????????? ??????;;;55;42;???????? ????;???????;19;19;4370;405%;7035003;??????? ?????????;;;;??????? ????????? ?????????????;;;;;;1;???;???;???? ???????????? ??????????????, ??????? ?? ?????????-????????? ??????;;;???????? ???? ???????????? ??????????????, ??????? ?? ?????????-????????? ?????? ?????????? ????????????? ????????????;18.09.2025
???;???;???? ???????????? ??????????????, ??????? ?? ?????????-????????? ??????;;;56;43;??????? ??????;????-???????;10;10;3260;486%;738;??????? ??????;21.08.2025;????? ???. ?? ?4990 ? 24-??;;????????? ?????? ????????;;;;;;;???;???;???? ???????????? ??????????????, ??????? ?? ?????????-????????? ??????;;;??????? ?????? ???? ???????????? ??????????????, ??????? ?? ?????????-????????? ?????? ?????????? ????????????? ????????????;13.06.2025
???;???;???? ???????????? ??????????????, ??????? ?? ?????????-????????? ??????;;;57;44;???????? ???????;???????? ???????;12;12;3440;480%;790;???????;;;;??? ????????? ??????????;;;;;;1;???;???;???? ???????????? ??????????????, ??????? ?? ?????????-????????? ??????;;;???????? ??????? ???? ???????????? ??????????????, ??????? ?? ?????????-????????? ?????? ?????????? ????????????? ????????????;03.07.2024
???;???;???? ???????????? ??????????????, ??????? ?? ?????????-????????? ??????;;;58;45;??????? ?? ????????????? ????????????;??????? ???????;10;10;3260;486%;787;????????;;;;??????????? ????? ???????????;;;;;;1;???;???;???? ???????????? ??????????????, ??????? ?? ?????????-????????? ??????;;;??????? ?? ????????????? ???????????? ???? ???????????? ??????????????, ??????? ?? ?????????-????????? ?????? ?????????? ????????????? ????????????;22.08.2025
???;???;???? ???????????? ??????????????, ??????? ?? ?????????-????????? ??????;??? ????????????;;;;????? ???????????? ;;;;;;;;;;;;;;;;;;???;???;???? ???????????? ??????????????, ??????? ?? ?????????-????????? ??????;??? ????????????;;;
???;???;???? ???????????? ??????????????, ??????? ?? ?????????-????????? ??????;??? ????????????;;59;;???????? ??????;???????? ???????;11;11;3350;483%;787;;;;;;;;;;;;???;???;???? ???????????? ??????????????, ??????? ?? ?????????-????????? ??????;??? ????????????;;???????? ?????? ???????????? ???? ???????????? ??????????????, ??????? ?? ?????????-????????? ?????? ?????????? ????????????? ????????????;
???;???;???? ???????????? ??????????????, ??????? ?? ?????????-????????? ??????;??? ????????????;;;;???????????? ?????????? ??????? ?????????????, ???????? ? ?????????-?????????? ?????;;;;;;;;;;;;;;;;;;???;???;???? ???????????? ??????????????, ??????? ?? ?????????-????????? ??????;??? ????????????;;;
???;???;???? ???????????? ??????????????, ??????? ?? ?????????-????????? ??????;??? ????????????;;60;46;???????? ??????????;???????? ???????;7/6;7;3000;505%;790;???????? ???????;28.04.2025;????? ????????? ?? ?4990 ?11-??;;?????? ???? ??????????;;;;;;;???;???;???? ???????????? ??????????????, ??????? ?? ?????????-????????? ??????;??? ????????????;;???????? ?????????????? ?????????? ??????? ?????????????, ???????? ? ?????????-?????????? ????? ?????? ???????????? ???? ???????????? ??????????????, ??????? ?? ?????????-????????? ?????? ?????????? ????????????? ????????????;24.03.2025
???;???;???? ???????????? ??????????????, ??????? ?? ?????????-????????? ??????;??? ????????????;;61;47;??????? ?????;??????? ??????;6/4;6;2910;513%;790;??????? ??????;20.10.2007;;;???????? ????????? ???????????;;;;;;;???;???;???? ???????????? ??????????????, ??????? ?? ?????????-????????? ??????;??? ????????????;;??????? ????? ?????????????? ?????????? ??????? ?????????????, ???????? ? ?????????-?????????? ????? ?????? ???????????? ???? ???????????? ??????????????, ??????? ?? ?????????-????????? ?????? ?????????? ????????????? ????????????;10.02.2025
???;???;???? ???????????? ??????????????, ??????? ?? ?????????-????????? ??????;??? ????????????;;62;48;??????? ?????;??????? ??????;6/4;6;2910;513%;790;??????? ??????;26.06.2025;????? ???. ?? ?4990 ? 17-??;;????? ???? ????????;;;;;;;???;???;???? ???????????? ??????????????, ??????? ?? ?????????-????????? ??????;??? ????????????;;??????? ????? ?????????????? ?????????? ??????? ?????????????, ???????? ? ?????????-?????????? ????? ?????? ???????????? ???? ???????????? ??????????????, ??????? ?? ?????????-????????? ?????? ?????????? ????????????? ????????????;14.03.2025
???;???;???? ???????????? ??????????????, ??????? ?? ?????????-????????? ??????;??? ????????????;;63;49;?????;??????;5/2;5;2820;523%;790;??????;;;;????????? ????????? ????????;;0;;;;;???;???;???? ???????????? ??????????????, ??????? ?? ?????????-????????? ??????;??? ????????????;;????? ?????????????? ?????????? ??????? ?????????????, ???????? ? ?????????-?????????? ????? ?????? ???????????? ???? ???????????? ??????????????, ??????? ?? ?????????-????????? ?????? ?????????? ????????????? ????????????;27.07.2025
???;???;???? ???????????? ??????????????, ??????? ?? ?????????-????????? ??????;??? ????????????;;64;50;?????;??????;5/2;5;2820;523%;790;??????;17.05.2024;1-? ?????? ??????????? ???? ?? ?? ? 61;;????????? ???? ???????????;;;;;;;???;???;???? ???????????? ??????????????, ??????? ?? ?????????-????????? ??????;??? ????????????;;????? ?????????????? ?????????? ??????? ?????????????, ???????? ? ?????????-?????????? ????? ?????? ???????????? ???? ???????????? ??????????????, ??????? ?? ?????????-????????? ?????? ?????????? ????????????? ????????????;11.08.2025
???;???;???? ???????????? ??????????????, ??????? ?? ?????????-????????? ??????;??? ????????????;;65;51;?????;??????;5/2;5;2820;523%;790;??????;01.08.2025;? 267 ???. ???????????????? ???? ?? ??;;??????? ????? ???????????;;;;;;;???;???;???? ???????????? ??????????????, ??????? ?? ?????????-????????? ??????;??? ????????????;;????? ?????????????? ?????????? ??????? ?????????????, ???????? ? ?????????-?????????? ????? ?????? ???????????? ???? ???????????? ??????????????, ??????? ?? ?????????-????????? ?????? ?????????? ????????????? ????????????;13.08.2025
???;???;???? ???????????? ??????????????, ??????? ?? ?????????-????????? ??????;??? ????????????;;66;;?????;??????;5/2;5;2820;523%;790;;;;;;;;;;;;???;???;???? ???????????? ??????????????, ??????? ?? ?????????-????????? ??????;??? ????????????;;????? ?????????????? ?????????? ??????? ?????????????, ???????? ? ?????????-?????????? ????? ?????? ???????????? ???? ???????????? ??????????????, ??????? ?? ?????????-????????? ?????? ?????????? ????????????? ????????????;
???;???;???? ???????????? ??????????????, ??????? ?? ?????????-????????? ??????;??? ????????????;;67;;?????;??????;5/2;5;2820;523%;790;;;;;;;;;;;;???;???;???? ???????????? ??????????????, ??????? ?? ?????????-????????? ??????;??? ????????????;;????? ?????????????? ?????????? ??????? ?????????????, ???????? ? ?????????-?????????? ????? ?????? ???????????? ???? ???????????? ??????????????, ??????? ?? ?????????-????????? ?????? ?????????? ????????????? ????????????;
???;???;???? ???????????? ??????????????, ??????? ?? ?????????-????????? ??????;??? ????????????;;68;;?????;??????;5/2;5;2820;523%;790;;;;;;;;;;;;???;???;???? ???????????? ??????????????, ??????? ?? ?????????-????????? ??????;??? ????????????;;????? ?????????????? ?????????? ??????? ?????????????, ???????? ? ?????????-?????????? ????? ?????? ???????????? ???? ???????????? ??????????????, ??????? ?? ?????????-????????? ?????? ?????????? ????????????? ????????????;
???;???;???? ???????????? ??????????????, ??????? ?? ?????????-????????? ??????;??? ????????????;;69;;?????;??????;5/2;5;2820;523%;790;;;;;;;;;;;;???;???;???? ???????????? ??????????????, ??????? ?? ?????????-????????? ??????;??? ????????????;;????? ?????????????? ?????????? ??????? ?????????????, ???????? ? ?????????-?????????? ????? ?????? ???????????? ???? ???????????? ??????????????, ??????? ?? ?????????-????????? ?????? ?????????? ????????????? ????????????;
???;???;???? ???????????? ??????????????, ??????? ?? ?????????-????????? ??????;??? ????????????;;70;;?????;??????;5/2;5;2820;523%;790;;;;;;;;;;;;???;???;???? ???????????? ??????????????, ??????? ?? ?????????-????????? ??????;??? ????????????;;????? ?????????????? ?????????? ??????? ?????????????, ???????? ? ?????????-?????????? ????? ?????? ???????????? ???? ???????????? ??????????????, ??????? ?? ?????????-????????? ?????? ?????????? ????????????? ????????????;
???;???;???? ???????????? ??????????????, ??????? ?? ?????????-????????? ??????;??? ????????????;;71;;?????;??????;5/2;5;2820;523%;790;;;;;;;;;;;;???;???;???? ???????????? ??????????????, ??????? ?? ?????????-????????? ??????;??? ????????????;;????? ?????????????? ?????????? ??????? ?????????????, ???????? ? ?????????-?????????? ????? ?????? ???????????? ???? ???????????? ??????????????, ??????? ?? ?????????-????????? ?????? ?????????? ????????????? ????????????;
???;???;???? ???????????? ??????????????, ??????? ?? ?????????-????????? ??????;??? ????????????;;72;52;?????;??????;5/2;5;2820;523%;790;??????;;;;?????????? ???? ??????????;;;;;;;???;???;???? ???????????? ??????????????, ??????? ?? ?????????-????????? ??????;??? ????????????;;????? ?????????????? ?????????? ??????? ?????????????, ???????? ? ?????????-?????????? ????? ?????? ???????????? ???? ???????????? ??????????????, ??????? ?? ?????????-????????? ?????? ?????????? ????????????? ????????????;22.08.2025
???;???;???? ???????????? ??????????????, ??????? ?? ?????????-????????? ??????;??? ????????????;;;;????? ?????????-?????????? ?????;;;;;;;;;;;;;;;;;;???;???;???? ???????????? ??????????????, ??????? ?? ?????????-????????? ??????;??? ????????????;;;
???;???;???? ???????????? ??????????????, ??????? ?? ?????????-????????? ??????;??? ????????????;;73;53;????????? ??????;??????? ???????;7;7;3000;505%;787;??????? ???????;;;;?????? ?????? ????????????;;;;;;1;???;???;???? ???????????? ??????????????, ??????? ?? ?????????-????????? ??????;??? ????????????;;????????? ?????? ?????? ?????????-?????????? ????? ?????? ???????????? ???? ???????????? ??????????????, ??????? ?? ?????????-????????? ?????? ?????????? ????????????? ????????????;28.06.2024
???;???;???? ???????????? ??????????????, ??????? ?? ?????????-????????? ??????;??? ????????????;;;;???????????? ?????;;;;;;;;;;;;;;;;;;???;???;???? ???????????? ??????????????, ??????? ?? ?????????-????????? ??????;??? ????????????;;;
???;???;???? ???????????? ??????????????, ??????? ?? ?????????-????????? ??????;??? ????????????;;74;54;????????? ??????;??????? ???????;7;7;3000;505%;788;???????? ???????;02.12.2023;?67-??;;??????? ????? ?????;;0;;;;1;???;???;???? ???????????? ??????????????, ??????? ?? ?????????-????????? ??????;??? ????????????;;????????? ?????? ????????????? ?????? ?????? ???????????? ???? ???????????? ??????????????, ??????? ?? ?????????-????????? ?????? ?????????? ????????????? ????????????;27.06.2025
???;???;???? ???????????? ??????????????, ??????? ?? ?????????-????????? ??????;??? ????????????;;75;55;????????;??????;1/1;1;2470;590%;788;??????;01.11.2024;???. ???? ?? ?? ?875;;??????? ???? ?????????????;;1;;;;;???;???;???? ???????????? ??????????????, ??????? ?? ?????????-????????? ??????;??? ????????????;;???????? ????????????? ?????? ?????? ???????????? ???? ???????????? ??????????????, ??????? ?? ?????????-????????? ?????? ?????????? ????????????? ????????????;27.06.2025
???;???;???? ???????????? ??????????????, ??????? ?? ?????????-????????? ??????;??? ????????????;;;;??????? ?????;;;;;;;;;;;;;;;;;;???;???;???? ???????????? ??????????????, ??????? ?? ?????????-????????? ??????;??? ????????????;;;
???;???;???? ???????????? ??????????????, ??????? ?? ?????????-????????? ??????;??? ????????????;;76;56;????????? ??????;??????? ???????;7;7;3000;505%;789;????-???????;;;;???????? ?????? ????????;;;;;;1;???;???;???? ???????????? ??????????????, ??????? ?? ?????????-????????? ??????;??? ????????????;;????????? ?????? ???????? ?????? ?????? ???????????? ???? ???????????? ??????????????, ??????? ?? ?????????-????????? ?????? ?????????? ????????????? ????????????;28.06.2024
???;???;???? ???????????? ??????????????, ??????? ?? ?????????-????????? ??????;??? ????????????;;77;57;????????;??????;1/1;1;2470;590%;789;??????;23.10.2024;????? ????????? ?? ?4990 ?10-??;;??????????? ?????? ????????;;;;;;;???;???;???? ???????????? ??????????????, ??????? ?? ?????????-????????? ??????;??? ????????????;;???????? ???????? ?????? ?????? ???????????? ???? ???????????? ??????????????, ??????? ?? ?????????-????????? ?????? ?????????? ????????????? ????????????;27.09.2024
???;???;???? ???????????? ??????????????, ??????? ?? ?????????-????????? ??????;??? ????????????;;;;????????? ?????????? ;;;;;;;;;;;;;;;;;;???;???;???? ???????????? ??????????????, ??????? ?? ?????????-????????? ??????;??? ????????????;;;
???;???;???? ???????????? ??????????????, ??????? ?? ?????????-????????? ??????;??? ????????????;;78;58;???????? ??????????;???????? ???????;7/6;7;3000;505%;787;????-???????;02.12.2024;????? ????????? ?? ?4990 ?13-??;;???????? ???????? ?????????????;;;;;;;???;???;???? ???????????? ??????????????, ??????? ?? ?????????-????????? ??????;??? ????????????;;???????? ?????????? ??????????? ?????????? ?????? ???????????? ???? ???????????? ??????????????, ??????? ?? ?????????-????????? ?????? ?????????? ????????????? ????????????;27.09.2024
???;???;???? ???????????? ??????????????, ??????? ?? ?????????-????????? ??????;??? ????????????;;79;59;?????;??????;5/2;5;2820;523%;790;??????;;;;????? ???? ?????????????;;;;;;;???;???;???? ???????????? ??????????????, ??????? ?? ?????????-????????? ??????;??? ????????????;;????? ??????????? ?????????? ?????? ???????????? ???? ???????????? ??????????????, ??????? ?? ?????????-????????? ?????? ?????????? ????????????? ????????????;27.09.2024
???;???;???? ???????????? ??????????????, ??????? ?? ?????????-????????? ??????;??? ????????????;;80;;?????-????????????????????? (?????????????????);??????;4/3;4;2730;535%;787;;;;;;;;;;;;???;???;???? ???????????? ??????????????, ??????? ?? ?????????-????????? ??????;??? ????????????;;;
???;???;???? ???????????? ??????????????, ??????? ?? ?????????-????????? ??????;??? ????????????;;81;60;??????????;??????;2/2;2;2550;567%;787;??????? ??????;;;;????????? ????? ???????????;;0;;;;;???;???;???? ???????????? ??????????????, ??????? ?? ?????????-????????? ??????;??? ????????????;;?????????? ??????????? ?????????? ?????? ???????????? ???? ???????????? ??????????????, ??????? ?? ?????????-????????? ?????? ?????????? ????????????? ????????????;04.07.2025
???;???;???? ???????????? ??????????????, ??????? ?? ?????????-????????? ??????;??? ????????????;;82;61;??????????;??????;2/2;2;2550;567%;787;??????;12.12.1991;??????????????? ????;;???????? ?????? ????????;;;;;;;???;???;???? ???????????? ??????????????, ??????? ?? ?????????-????????? ??????;??? ????????????;;?????????? ??????????? ?????????? ?????? ???????????? ???? ???????????? ??????????????, ??????? ?? ?????????-????????? ?????? ?????????? ????????????? ????????????;11.08.2025
???;???;???? ???????????? ??????????????, ??????? ?? ?????????-????????? ??????;???????;;;;??????????? ?????;;;;;;;;;;;;;;;;;;???;???;???? ???????????? ??????????????, ??????? ?? ?????????-????????? ??????;???????;;;
???;???;???? ???????????? ??????????????, ??????? ?? ?????????-????????? ??????;???????;;83;;???????? ??????;???????? ???????;11;11;3350;483%;787;;;;;;;;;;;;???;???;???? ???????????? ??????????????, ??????? ?? ?????????-????????? ??????;???????;;???????? ?????? ???????????? ?????? ???? ???????????? ??????????????, ??????? ?? ?????????-????????? ?????? ?????????? ????????????? ????????????;
???;???;???? ???????????? ??????????????, ??????? ?? ?????????-????????? ??????;???????; ???????;;;??????? ;;;;;;;;;;;;;;;;;;???;???;???? ???????????? ??????????????, ??????? ?? ?????????-????????? ??????;???????; ???????;;
???;???;???? ???????????? ??????????????, ??????? ?? ?????????-????????? ??????;???????; ???????;84;62;????????? ???????;??????? ???????;7;7;3000;505%;788;????-???????;;;;???????? ????? ??????????;;;;;;1;???;???;???? ???????????? ??????????????, ??????? ?? ?????????-????????? ??????;???????; ???????;????????? ??????? ??????? ???????????? ?????? ???? ???????????? ??????????????, ??????? ?? ?????????-????????? ?????? ?????????? ????????????? ????????????;29.07.2024
???;???;???? ???????????? ??????????????, ??????? ?? ?????????-????????? ??????;???????; ???????;85;63;??????????;???????? ???????;6/5;6;2910;513%;788;???????? ???????;;;;??????? ??????? ????????;;;;;;;???;???;???? ???????????? ??????????????, ??????? ?? ?????????-????????? ??????;???????; ???????;?????????? ??????? ???????????? ?????? ???? ???????????? ??????????????, ??????? ?? ?????????-????????? ?????? ?????????? ????????????? ????????????;31.03.2025
???;???;???? ???????????? ??????????????, ??????? ?? ?????????-????????? ??????;???????; ???????;86;64;??????? ?????;??????? ??????;4/4;4;2730;535%;788;??????? ??????;18.01.2025;????? ????????? ?? ?4990 ?1-??;;??????????? ???????? ????????;;;;;;1;???;???;???? ???????????? ??????????????, ??????? ?? ?????????-????????? ??????;???????; ???????;??????? ????? ??????? ???????????? ?????? ???? ???????????? ??????????????, ??????? ?? ?????????-????????? ?????? ?????????? ????????????? ????????????;27.06.2024
???;???;???? ???????????? ??????????????, ??????? ?? ?????????-????????? ??????;???????; ???????;87;;??????? ?????;??????? ??????;4/4;4;2730;535%;788;;;;;;;;;;;1;???;???;???? ???????????? ??????????????, ??????? ?? ?????????-????????? ??????;???????; ???????;??????? ????? ??????? ???????????? ?????? ???? ???????????? ??????????????, ??????? ?? ?????????-????????? ?????? ?????????? ????????????? ????????????;
???;???;???? ???????????? ??????????????, ??????? ?? ?????????-????????? ??????;???????; ???????;88;;??????? ?????;??????? ??????;4/4;4;2730;535%;788;;;;;;;;;;;1;???;???;???? ???????????? ??????????????, ??????? ?? ?????????-????????? ??????;???????; ???????;??????? ????? ??????? ???????????? ?????? ???? ???????????? ??????????????, ??????? ?? ?????????-????????? ?????? ?????????? ????????????? ????????????;
???;???;???? ???????????? ??????????????, ??????? ?? ?????????-????????? ??????;???????; ???????;89;;?????;??????;5/2;5;2820;523%;790;;;;;;;;;;;1;???;???;???? ???????????? ??????????????, ??????? ?? ?????????-????????? ??????;???????; ???????;????? ??????? ???????????? ?????? ???? ???????????? ??????????????, ??????? ?? ?????????-????????? ?????? ?????????? ????????????? ????????????;
???;???;???? ???????????? ??????????????, ??????? ?? ?????????-????????? ??????;???????; ???????;90;;?????;??????;5/2;5;2820;523%;790;;;;;;;;;;;1;???;???;???? ???????????? ??????????????, ??????? ?? ?????????-????????? ??????;???????; ???????;????? ??????? ???????????? ?????? ???? ???????????? ??????????????, ??????? ?? ?????????-????????? ?????? ?????????? ????????????? ????????????;
???;???;???? ???????????? ??????????????, ??????? ?? ?????????-????????? ??????;???????; ???????;91;65;?????;??????;3/2;3;2640;544%;788;??????;30.09.2024;????? ????????? ?? ?4990 ?8-??;;????? ???? ??????????;;;;;;1;???;???;???? ???????????? ??????????????, ??????? ?? ?????????-????????? ??????;???????; ???????;????? ??????? ???????????? ?????? ???? ???????????? ??????????????, ??????? ?? ?????????-????????? ?????? ?????????? ????????????? ????????????;27.06.2024
???;???;???? ???????????? ??????????????, ??????? ?? ?????????-????????? ??????;???????; ???????;92;66;?????;??????;3/2;3;2640;544%;788;??????? ??????;45565;????? ????????? ?? ?4990 ?8-??;;?????????? ???? ??????????;;;;;;1;???;???;???? ???????????? ??????????????, ??????? ?? ?????????-????????? ??????;???????; ???????;????? ??????? ???????????? ?????? ???? ???????????? ??????????????, ??????? ?? ?????????-????????? ?????? ?????????? ????????????? ????????????;27.06.2024
???;???;???? ???????????? ??????????????, ??????? ?? ?????????-????????? ??????;???????; ???????;93;67;?????;??????;3/2;3;2640;544%;788;???????;;;;???????? ???? ??????????;;;;;;1;???;???;???? ???????????? ??????????????, ??????? ?? ?????????-????????? ??????;???????; ???????;????? ??????? ???????????? ?????? ???? ???????????? ??????????????, ??????? ?? ?????????-????????? ?????? ?????????? ????????????? ????????????;07.10.2025
???;???;???? ???????????? ??????????????, ??????? ?? ?????????-????????? ??????;???????; ???????;94;68;?????;??????;3/2;3;2640;544%;788;??????;30.09.2024;????? ????????? ?? ?4990 ?8-??;;??????? ??????? ???????????;;;;;;1;???;???;???? ???????????? ??????????????, ??????? ?? ?????????-????????? ??????;???????; ???????;????? ??????? ???????????? ?????? ???? ???????????? ??????????????, ??????? ?? ?????????-????????? ?????? ?????????? ????????????? ????????????;27.06.2024
???;???;???? ???????????? ??????????????, ??????? ?? ?????????-????????? ??????;???????; ???????;95;69;?????;??????;3/2;3;2640;544%;788;??????;;;;???????? ?????? ???????????;;;;;;1;???;???;???? ???????????? ??????????????, ??????? ?? ?????????-????????? ??????;???????; ???????;????? ??????? ???????????? ?????? ???? ???????????? ??????????????, ??????? ?? ?????????-????????? ?????? ?????????? ????????????? ????????????;04.09.2025
???;???;???? ???????????? ??????????????, ??????? ?? ?????????-????????? ??????;???????; ???????;96;70;?????;??????;3/2;3;2640;544%;788;??????;02.01.2004;???????????? ???? ?1;;?????? ?????? ?????????????;;;;;;1;???;???;???? ???????????? ??????????????, ??????? ?? ?????????-????????? ??????;???????; ???????;????? ??????? ???????????? ?????? ???? ???????????? ??????????????, ??????? ?? ?????????-????????? ?????? ?????????? ????????????? ????????????;27.09.2025
???;???;???? ???????????? ??????????????, ??????? ?? ?????????-????????? ??????;???????; ???????;97;;?????;??????;3/2;3;2640;544%;788;;;;;;;;;;;1;???;???;???? ???????????? ??????????????, ??????? ?? ?????????-????????? ??????;???????; ???????;????? ??????? ???????????? ?????? ???? ???????????? ??????????????, ??????? ?? ?????????-????????? ?????? ?????????? ????????????? ????????????;
???;???;???? ???????????? ??????????????, ??????? ?? ?????????-????????? ??????;???????; ???????;98;;?????;??????;3/2;3;2640;544%;788;;;;;;;;;;;1;???;???;???? ???????????? ??????????????, ??????? ?? ?????????-????????? ??????;???????; ???????;????? ??????? ???????????? ?????? ???? ???????????? ??????????????, ??????? ?? ?????????-????????? ?????? ?????????? ????????????? ????????????;
???;???;???? ???????????? ??????????????, ??????? ?? ?????????-????????? ??????;???????; ???????;99;;?????;??????;3/2;3;2640;544%;788;;;;;;;;;;;1;???;???;???? ???????????? ??????????????, ??????? ?? ?????????-????????? ??????;???????; ???????;????? ??????? ???????????? ?????? ???? ???????????? ??????????????, ??????? ?? ?????????-????????? ?????? ?????????? ????????????? ????????????;
???;???;???? ???????????? ??????????????, ??????? ?? ?????????-????????? ??????;???????;??????? ?????;;;???????? ????????? ???????? ?????;;;;;;;;;;;;;;;;;;???;???;???? ???????????? ??????????????, ??????? ?? ?????????-????????? ??????;???????;??????? ?????;;
???;???;???? ???????????? ??????????????, ??????? ?? ?????????-????????? ??????;???????;??????? ?????;100;;????????? ?????????;???????;7;7;3000;505%;789;;;;;;;;;;;1;???;???;???? ???????????? ??????????????, ??????? ?? ?????????-????????? ??????;???????;??????? ?????;????????? ????????? ????????? ????????? ???????? ????? ???????????? ?????? ???? ???????????? ??????????????, ??????? ?? ?????????-????????? ?????? ?????????? ????????????? ????????????;
???;???;???? ???????????? ??????????????, ??????? ?? ?????????-????????? ??????;???????;??????? ?????;101;71;???????;??????;2/2;2;2550;567%;789;??????;;;;?????? ?????? ???????;;;;;;;???;???;???? ???????????? ??????????????, ??????? ?? ?????????-????????? ??????;???????;??????? ?????;??????? ????????? ????????? ???????? ????? ???????????? ?????? ???? ???????????? ??????????????, ??????? ?? ?????????-????????? ?????? ?????????? ????????????? ????????????;02.05.2025
???;???;???? ???????????? ??????????????, ??????? ?? ?????????-????????? ??????;???????;??????? ?????;102;72;?????;??????;2/2;2;2550;567%;789;??????;09.09.2025;;;?????? ???'? ??????????;;;;;;;???;???;???? ???????????? ??????????????, ??????? ?? ?????????-????????? ??????;???????;??????? ?????;????? ????????? ????????? ???????? ????? ???????????? ?????? ???? ???????????? ??????????????, ??????? ?? ?????????-????????? ?????? ?????????? ????????????? ????????????;10.09.2025
???;???;???? ???????????? ??????????????, ??????? ?? ?????????-????????? ??????;???????;??????? ?????;;;??????? ????? ;;;;;;;;;;;;;;;;;;???;???;???? ???????????? ??????????????, ??????? ?? ?????????-????????? ??????;???????;??????? ?????;;
???;???;???? ???????????? ??????????????, ??????? ?? ?????????-????????? ??????;???????;??????? ?????;103;;????????? ?????;???????? ???????;5/5;5;2820;523%;789294?;;;;;;;;;;;1;???;???;???? ???????????? ??????????????, ??????? ?? ?????????-????????? ??????;???????;??????? ?????;????????? ????? ???????? ????? ???????????? ?????? ???? ???????????? ??????????????, ??????? ?? ?????????-????????? ?????? ?????????? ????????????? ????????????;
???;???;???? ???????????? ??????????????, ??????? ?? ?????????-????????? ??????;???????;??????? ?????;104;73;?????-????????;??????;5/3;5;2820;523%;790058?;???????;25.12.1992;?360, ?/?38983;;????????? ????????? ??????????;;;;;;;???;???;???? ???????????? ??????????????, ??????? ?? ?????????-????????? ??????;???????;??????? ?????;?????-???????? ???????? ????? ???????????? ?????? ???? ???????????? ??????????????, ??????? ?? ?????????-????????? ?????? ?????????? ????????????? ????????????;21.08.2025
???;???;???? ???????????? ??????????????, ??????? ?? ?????????-????????? ??????;???????;??????? ?????;105;74;????????;??????;4/3;4;2730;535%;789543?;??????;;;;????????? ???? ??????????;;;;;;;???;???;???? ???????????? ??????????????, ??????? ?? ?????????-????????? ??????;???????;??????? ?????;???????? ???????? ????? ???????????? ?????? ???? ???????????? ??????????????, ??????? ?? ?????????-????????? ?????? ?????????? ????????????? ????????????;27.09.2024
???;???;???? ???????????? ??????????????, ??????? ?? ?????????-????????? ??????;???????;??????? ?????;106;75;????????- ????????;??????;2/2;2;2550;567%;659;??????;;;;??????? ???? ????????;;;;;;;???;???;???? ???????????? ??????????????, ??????? ?? ?????????-????????? ??????;???????;??????? ?????;????????-???????? ???????? ????? ???????????? ?????? ???? ???????????? ??????????????, ??????? ?? ?????????-????????? ?????? ?????????? ????????????? ????????????;11.08.2025
???;???;???? ???????????? ??????????????, ??????? ?? ?????????-????????? ??????;???????;??????;;;?????? ;;;;;;;;;;;;;;;;;;???;???;???? ???????????? ??????????????, ??????? ?? ?????????-????????? ??????;???????;??????;;
???;???;???? ???????????? ??????????????, ??????? ?? ?????????-????????? ??????;???????;??????;107;76;????????? ??????;??????? ???????;7;7;3000;505%;766;??????;;;;?????? ??????? ???????????;;;;;;1;???;???;???? ???????????? ??????????????, ??????? ?? ?????????-????????? ??????;???????;??????;????????? ?????? ?????? ???????????? ?????? ???? ???????????? ??????????????, ??????? ?? ?????????-????????? ?????? ?????????? ????????????? ????????????;17.03.2025
???;???;???? ???????????? ??????????????, ??????? ?? ?????????-????????? ??????;???????;??????;108;77;????????? ??????;??????? ???????;7;7;3000;505%;700;??????;06.01.1986;? 10;;????????????? ????????? ????????;;;;;;1;???;???;???? ???????????? ??????????????, ??????? ?? ?????????-????????? ??????;???????;??????;????????? ?????? ?????? ???????????? ?????? ???? ???????????? ??????????????, ??????? ?? ?????????-????????? ?????? ?????????? ????????????? ????????????;13.08.2025
???;???;???? ???????????? ??????????????, ??????? ?? ?????????-????????? ??????;???????;??????;109;78;????????? ??????;??????? ???????;7;7;3000;505%;788;??????;03.10.2023;? 62 ?????.???? ?? ??;;?????????? ?????? ?????????????;;;;;;1;???;???;???? ???????????? ??????????????, ??????? ?? ?????????-????????? ??????;???????;??????;????????? ?????? ?????? ???????????? ?????? ???? ???????????? ??????????????, ??????? ?? ?????????-????????? ?????? ?????????? ????????????? ????????????;13.08.2025
???;???;???? ???????????? ??????????????, ??????? ?? ?????????-????????? ??????;???????;??????;110;79;????????? ??????;??????? ???????;7;7;3000;505%;789;??????;24.11.1994;?/?4101 ?232;;?????????? ????? ?????????????;;;;;;1;???;???;???? ???????????? ??????????????, ??????? ?? ?????????-????????? ??????;???????;??????;????????? ?????? ?????? ???????????? ?????? ???? ???????????? ??????????????, ??????? ?? ?????????-????????? ?????? ?????????? ????????????? ????????????;25.08.2025
???;???;???? ???????????? ??????????????, ??????? ?? ?????????-????????? ??????;???????;??????;111;;????????? ??????;??????? ???????;7;7;3000;505%;786;;;;;;;;;;;1;???;???;???? ???????????? ??????????????, ??????? ?? ?????????-????????? ??????;???????;??????;????????? ?????? ?????? ???????????? ?????? ???? ???????????? ??????????????, ??????? ?? ?????????-????????? ?????? ?????????? ????????????? ????????????;
???;???;???? ???????????? ??????????????, ??????? ?? ?????????-????????? ??????;???????;??????;112;;????????? ??????;??????? ???????;7;7;3000;505%;957;;;;;;;;;;;1;???;???;???? ???????????? ??????????????, ??????? ?? ?????????-????????? ??????;???????;??????;????????? ?????? ?????? ???????????? ?????? ???? ???????????? ??????????????, ??????? ?? ?????????-????????? ?????? ?????????? ????????????? ????????????;
???;???;???? ???????????? ??????????????, ??????? ?? ?????????-????????? ??????;???????;??????;113;;????????? ??????;??????? ???????;7;7;3000;505%;738;;;;;;;;;;;1;???;???;???? ???????????? ??????????????, ??????? ?? ?????????-????????? ??????;???????;??????;????????? ?????? ?????? ???????????? ?????? ???? ???????????? ??????????????, ??????? ?? ?????????-????????? ?????? ?????????? ????????????? ????????????;
???;???;????????? ??????? ???;;;;;????????????? ????? ??????? ???????? ?? ?????????? ?????????? ;;;;;;;;;;;;;;;;;;???;???;????????? ??????? ???;;;;
???;???;????????? ??????? ???;;;114;80;???????? ??????;???????? ???????;11;11;3350;483%;790;???????? ???????;02.06.2025;????? ???. ?? ?4990 ? 14-??;;???????? ????????? ?????????????;;;;;;1;???;???;????????? ??????? ???;;;???????? ?????? ?????????????? ?????? ??????? ???????? ?? ?????????? ?????????? ?????????? ????????????? ????????????;09.05.2025
???;???;????????? ??????? ???;1 ???????????? ?????????? ??????? ???????? ?? ?????????? ?????????? ;;;;1 ???????????? ?????????? ??????? ???????? ?? ?????????? ?????????? ;;;;;;;;;;;;;;;;;;???;???;????????? ??????? ???;1 ???????????? ?????????? ??????? ???????? ?? ?????????? ?????????? ;;;
???;???;????????? ??????? ???;1 ???????????? ?????????? ??????? ???????? ?? ?????????? ?????????? ;;115;81;???????? ???????-???????? ??????????;???????? ???????;10;10;3260;486%;790;???????? ???????;21.08.2023;???.???.?/??4723;;????????????? ??????? ??????????;;1;;;;;???;???;????????? ??????? ???;1 ???????????? ?????????? ??????? ???????? ?? ?????????? ?????????? ;;???????? ???????-???????? 1 ?????????????? ?????????? ??????? ???????? ?? ?????????? ?????????? ?????????????? ?????? ??????? ???????? ?? ?????????? ?????????? ?????????? ????????????? ????????????;11.08.2025
???;???;????????? ??????? ???;1 ???????????? ?????????? ??????? ???????? ?? ?????????? ?????????? ;;116;82;??????? ?????-???????? ????????? ??????;??????? ??????;6/4;6;2910;513%;790;???????? ???????;30.07.2025;????? ???. ?? ?4990 ? 22-??;;????????????? ???? ?????????????;;;;;;;???;???;????????? ??????? ???;1 ???????????? ?????????? ??????? ???????? ?? ?????????? ?????????? ;;??????? ?????-???????? ????????? ?????? 1 ?????????????? ?????????? ??????? ???????? ?? ?????????? ?????????? ?????????????? ?????? ??????? ???????? ?? ?????????? ?????????? ?????????? ????????????? ????????????;13.06.2025
???;???;????????? ??????? ???;1 ???????????? ?????????? ??????? ???????? ?? ?????????? ?????????? ;;117;83;?????-?????????;??????? ??????;6/4;6;2910;513%;790;??????;01.07.2024;;;?????????? ????????? ??????????;;;;;;;???;???;????????? ??????? ???;1 ???????????? ?????????? ??????? ???????? ?? ?????????? ?????????? ;;?????-????????? 1 ?????????????? ?????????? ??????? ???????? ?? ?????????? ?????????? ?????????????? ?????? ??????? ???????? ?? ?????????? ?????????? ?????????? ????????????? ????????????;06.07.2025
???;???;????????? ??????? ???;1 ???????????? ?????????? ??????? ???????? ?? ?????????? ?????????? ;;118;84;?????-?????????;??????? ??????;6/4;6;2910;513%;790;??????;02.07.2024;;;?????? ???????? ????????;;;;;;;???;???;????????? ??????? ???;1 ???????????? ?????????? ??????? ???????? ?? ?????????? ?????????? ;;?????-????????? 1 ?????????????? ?????????? ??????? ???????? ?? ?????????? ?????????? ?????????????? ?????? ??????? ???????? ?? ?????????? ?????????? ?????????? ????????????? ????????????;06.07.2025
???;???;????????? ??????? ???;1 ???????????? ?????????? ??????? ???????? ?? ?????????? ?????????? ;;119;;?????-?????????;??????;5/3;5;2820;523%;790;;;;;;;;;;;;???;???;????????? ??????? ???;1 ???????????? ?????????? ??????? ???????? ?? ?????????? ?????????? ;;?????-????????? 1 ?????????????? ?????????? ??????? ???????? ?? ?????????? ?????????? ?????????????? ?????? ??????? ???????? ?? ?????????? ?????????? ?????????? ????????????? ????????????;
???;???;????????? ??????? ???;1 ???????????? ?????????? ??????? ???????? ?? ?????????? ?????????? ;;120;;?????-?????????;??????;5/3;5;2820;523%;790;;;;;;;;;;;;???;???;????????? ??????? ???;1 ???????????? ?????????? ??????? ???????? ?? ?????????? ?????????? ;;?????-????????? 1 ?????????????? ?????????? ??????? ???????? ?? ?????????? ?????????? ?????????????? ?????? ??????? ???????? ?? ?????????? ?????????? ?????????? ????????????? ????????????;
???;???;????????? ??????? ???;1 ???????????? ?????????? ??????? ???????? ?? ?????????? ?????????? ;;121;;?????;??????;5/2;5;2820;523%;790;;;;;;;;;;;;???;???;????????? ??????? ???;1 ???????????? ?????????? ??????? ???????? ?? ?????????? ?????????? ;;????? 1 ?????????????? ?????????? ??????? ???????? ?? ?????????? ?????????? ?????????????? ?????? ??????? ???????? ?? ?????????? ?????????? ?????????? ????????????? ????????????;
???;???;????????? ??????? ???;2 ???????????? ?????????? ??????? ???????? ?? ?????????? ?????????? ;;;;2 ???????????? ?????????? ??????? ???????? ?? ?????????? ?????????? ;;;;;;;;;;;;;;;;;;???;???;????????? ??????? ???;2 ???????????? ?????????? ??????? ???????? ?? ?????????? ?????????? ;;;
???;???;????????? ??????? ???;2 ???????????? ?????????? ??????? ???????? ?? ?????????? ?????????? ;;122;85;???????? ??????????;???????? ???????;7/6;7;3000;505%;790;???????? ???????;26.06.2025;????? ???. ?? ?4990 ? 17-??;;????????? ?????? ???????????;;;;;;;???;???;????????? ??????? ???;2 ???????????? ?????????? ??????? ???????? ?? ?????????? ?????????? ;;???????? ?????????? 2 ?????????????? ?????????? ??????? ???????? ?? ?????????? ?????????? ?????????????? ?????? ??????? ???????? ?? ?????????? ?????????? ?????????? ????????????? ????????????;13.06.2025
???;???;????????? ??????? ???;2 ???????????? ?????????? ??????? ???????? ?? ?????????? ?????????? ;;123;;??????? ?????-???????? ????????? ??????;??????? ??????;6/4;6;2910;513%;790;;;;;;;;;;;;???;???;????????? ??????? ???;2 ???????????? ?????????? ??????? ???????? ?? ?????????? ?????????? ;;??????? ?????-???????? ????????? ?????? 2 ?????????????? ?????????? ??????? ???????? ?? ?????????? ?????????? ?????????????? ?????? ??????? ???????? ?? ?????????? ?????????? ?????????? ????????????? ????????????;
???;???;????????? ??????? ???;2 ???????????? ?????????? ??????? ???????? ?? ?????????? ?????????? ;;124;86;?????-?????????;??????;5/3;5;2820;523%;790;??????? ??????;22.02.1992;?110;;??????? ??????? ??????????;;0;;;;;???;???;????????? ??????? ???;2 ???????????? ?????????? ??????? ???????? ?? ?????????? ?????????? ;;?????-????????? 2 ?????????????? ?????????? ??????? ???????? ?? ?????????? ?????????? ?????????????? ?????? ??????? ???????? ?? ?????????? ?????????? ?????????? ????????????? ????????????;03.07.2025
???;???;????????? ??????? ???;2 ???????????? ?????????? ??????? ???????? ?? ?????????? ?????????? ;;125;;?????-?????????;??????;5/3;5;2820;523%;790;;;;;;;;;;;;???;???;????????? ??????? ???;2 ???????????? ?????????? ??????? ???????? ?? ?????????? ?????????? ;;?????-????????? 2 ?????????????? ?????????? ??????? ???????? ?? ?????????? ?????????? ?????????????? ?????? ??????? ???????? ?? ?????????? ?????????? ?????????? ????????????? ????????????;
???;???;????????? ??????? ???;2 ???????????? ?????????? ??????? ???????? ?? ?????????? ?????????? ;;126;;?????-?????????;??????;5/3;5;2820;523%;790;;;;;;;;;;;;???;???;????????? ??????? ???;2 ???????????? ?????????? ??????? ???????? ?? ?????????? ?????????? ;;?????-????????? 2 ?????????????? ?????????? ??????? ???????? ?? ?????????? ?????????? ?????????????? ?????? ??????? ???????? ?? ?????????? ?????????? ?????????? ????????????? ????????????;
???;???;????????? ??????? ???;2 ???????????? ?????????? ??????? ???????? ?? ?????????? ?????????? ;;127;;?????-?????????;??????;5/2;5;2820;523%;790;;;;;;;;;;;;???;???;????????? ??????? ???;2 ???????????? ?????????? ??????? ???????? ?? ?????????? ?????????? ;;?????-????????? 2 ?????????????? ?????????? ??????? ???????? ?? ?????????? ?????????? ?????????????? ?????? ??????? ???????? ?? ?????????? ?????????? ?????????? ????????????? ????????????;
???;???;????????? ??????? ???;2 ???????????? ?????????? ??????? ???????? ?? ?????????? ?????????? ;;128;;?????;??????;5/2;5;2820;523%;790;;;;;;;;;;;;???;???;????????? ??????? ???;2 ???????????? ?????????? ??????? ???????? ?? ?????????? ?????????? ;;????? 2 ?????????????? ?????????? ??????? ???????? ?? ?????????? ?????????? ?????????????? ?????? ??????? ???????? ?? ?????????? ?????????? ?????????? ????????????? ????????????;
???;???;????????? ??????? ???;????? ???;;;;????? ???????? ?? ?????????? ?????????? ;;;;;;;;;;;;;;;;;;???;???;????????? ??????? ???;????? ???;;;
???;???;????????? ??????? ???;????? ???;;129;87;????????? ??????;??????? ???????;7;7;3000;505%;766;???????;;;;???????????? ?????? ?????????????;;;;;;1;???;???;????????? ??????? ???;????? ???;;????????? ?????? ?????? ???????? ?? ?????????? ?????????? ?????????????? ?????? ??????? ???????? ?? ?????????? ?????????? ?????????? ????????????? ????????????;25.06.2024
???;???;????? ??????????-???????????? ??????????? ???????? ??????;;;;;????? ??????????-???????????? ??????????? ???????? ??????;;;;;;;;;;;;;;;;;;???;???;????? ??????????-???????????? ??????????? ???????? ??????;;;;
???;???;????? ??????????-???????????? ??????????? ???????? ??????;;;130;;???????? ??????;??????? ?????????;12;12;3440;480%;3930003;;;;;;;;;;;;???;???;????? ??????????-???????????? ??????????? ???????? ??????;;;;
???;???;????? ??????????-???????????? ??????????? ???????? ??????;;;131;;?????-????????;??????;5/3;5;2820;523%;790;;;;;;;;;;;;???;???;????? ??????????-???????????? ??????????? ???????? ??????;;;;
???;???;????? ??????????-???????????? ??????????? ???????? ??????;1 ?????????? ??????????? ??????????? ???????? ??????????;;;;1 ?????????? ??????????? ??????????? ???????? ??????????;;;;;;;;;;;;;;;;;;???;???;????? ??????????-???????????? ??????????? ???????? ??????;1 ?????????? ??????????? ??????????? ???????? ??????????;;;
???;???;????? ??????????-???????????? ??????????? ???????? ??????;1 ?????????? ??????????? ??????????? ???????? ??????????;;132;88;???????? ???????-???????? ??????????;???????? ???????;10;10;3260;486%;129;???????? ???????;02.06.2025;????? ???. ?? ?4990 ? 14-??;;?????? ????????? ????????;;;;?? ???? ? ?? ??????;;;???;???;????? ??????????-???????????? ??????????? ???????? ??????;1 ?????????? ??????????? ??????????? ???????? ??????????;;;10.05.2025
???;???;????? ??????????-???????????? ??????????? ???????? ??????;1 ?????????? ??????????? ??????????? ???????? ??????????;;133;;?????-???????? ????????;??????;5/3;5;2820;523%;790;;;;;;;;;;;;???;???;????? ??????????-???????????? ??????????? ???????? ??????;1 ?????????? ??????????? ??????????? ???????? ??????????;;;
???;???;????? ??????????-???????????? ??????????? ???????? ??????;1 ?????????? ??????????? ??????????? ???????? ??????????;;134;;?????-???????? ????????;??????;5/3;5;2820;523%;790;;;;;;;;;;;;???;???;????? ??????????-???????????? ??????????? ???????? ??????;1 ?????????? ??????????? ??????????? ???????? ??????????;;;
???;???;????? ??????????-???????????? ??????????? ???????? ??????;1 ?????????? ??????????? ??????????? ???????? ??????????;;135;;???????? ??????????? ????????? ????????;??????;4;4;2730;535%;217;;;;;;;;;;;;???;???;????? ??????????-???????????? ??????????? ???????? ??????;1 ?????????? ??????????? ??????????? ???????? ??????????;;;
???;???;????? ??????????-???????????? ??????????? ???????? ??????;1 ?????????? ??????????? ??????????? ???????? ??????????;;136;89;????????;??????;4/3;4;2730;535%;129;??????;30.06.2024;;;?????? ???? ?????????;;0;;;;;???;???;????? ??????????-???????????? ??????????? ???????? ??????;1 ?????????? ??????????? ??????????? ???????? ??????????;;;26.06.2025
???;???;????? ??????????-???????????? ??????????? ???????? ??????;1 ?????????? ??????????? ??????????? ???????? ??????????;;137;90;????????;??????;4/3;4;2730;535%;129;??????;08.01.1990;;;??????? ?'??????? ???????????;;;;;;;???;???;????? ??????????-???????????? ??????????? ???????? ??????;1 ?????????? ??????????? ??????????? ???????? ??????????;;???????? 1 ?????????? ??????????? ??????????? ???????? ?????????? ?????? ??????????-???????????? ??????????? ???????? ?????? ?????????? ????????????? ????????????;11.08.2025
???;???;????? ??????????-???????????? ??????????? ???????? ??????;2 ?????????? ??????????? ??????????? ???????? ??????????;;;;2 ?????????? ??????????? ??????????? ???????? ??????????;;;;;;;;;;;;;;;;;;???;???;????? ??????????-???????????? ??????????? ???????? ??????;2 ?????????? ??????????? ??????????? ???????? ??????????;;;
???;???;????? ??????????-???????????? ??????????? ???????? ??????;2 ?????????? ??????????? ??????????? ???????? ??????????;;138;;???????? ??????????;???????? ???????;7/6;7;3000;505%;129;;;;;;;;;;;;???;???;????? ??????????-???????????? ??????????? ???????? ??????;2 ?????????? ??????????? ??????????? ???????? ??????????;;;
???;???;????? ??????????-???????????? ??????????? ???????? ??????;2 ?????????? ??????????? ??????????? ???????? ??????????;;139;;?????-???????? ????????;??????;5/3;5;2820;523%;790;;;;;;;;;;;;???;???;????? ??????????-???????????? ??????????? ???????? ??????;2 ?????????? ??????????? ??????????? ???????? ??????????;;;
???;???;????? ??????????-???????????? ??????????? ???????? ??????;2 ?????????? ??????????? ??????????? ???????? ??????????;;140;;?????-???????? ????????;??????;5/3;5;2820;523%;790;;;;;;;;;;;;???;???;????? ??????????-???????????? ??????????? ???????? ??????;2 ?????????? ??????????? ??????????? ???????? ??????????;;;
???;???;????? ??????????-???????????? ??????????? ???????? ??????;2 ?????????? ??????????? ??????????? ???????? ??????????;;141;;???????? ??????????? ????????? ????????;??????;4;4;2730;535%;217;;;;;;;;;;;;???;???;????? ??????????-???????????? ??????????? ???????? ??????;2 ?????????? ??????????? ??????????? ???????? ??????????;;;
???;???;????? ??????????-???????????? ??????????? ???????? ??????;2 ?????????? ??????????? ??????????? ???????? ??????????;;142;91;????????;??????;4/3;4;2730;535%;129;??????;01.12.2023;;;???????? ????????? ???????????;;;;;;;???;???;????? ??????????-???????????? ??????????? ???????? ??????;2 ?????????? ??????????? ??????????? ???????? ??????????;;;09.09.2025
???;???;????? ??????????-???????????? ??????????? ???????? ??????;2 ?????????? ??????????? ??????????? ???????? ??????????;;143;92;????????;??????;4/3;4;2730;535%;129;??????;;;;?????? ?????? ????????;;1;;;;;???;???;????? ??????????-???????????? ??????????? ???????? ??????;2 ?????????? ??????????? ??????????? ???????? ??????????;;;26.06.2025
???;???;????? ??????????-???????????? ??????????? ???????? ??????;????????? ??????????? ?????????? ??????????;;;;????????? ??????????? ?????????? ??????????;;;;;;;;;;;;;;;;;;???;???;????? ??????????-???????????? ??????????? ???????? ??????;????????? ??????????? ?????????? ??????????;;;
???;???;????? ??????????-???????????? ??????????? ???????? ??????;????????? ??????????? ?????????? ??????????;;144;;???????? ??????? ??????????? ????????? ??????????-???????? ??????????;???????? ???????;7;7;3000;505%;218;;;;;;;;;;;;???;???;????? ??????????-???????????? ??????????? ???????? ??????;????????? ??????????? ?????????? ??????????;;;
???;???;????? ??????????-???????????? ??????????? ???????? ??????;????????? ??????????? ?????????? ??????????;;145;;?????-????????;??????;5/3;5;2820;523%;790;;;;;;;;;;;;???;???;????? ??????????-???????????? ??????????? ???????? ??????;????????? ??????????? ?????????? ??????????;;;
???;???;????? ??????????-???????????? ??????????? ???????? ??????;????????? ??????????? ?????????? ??????????;;146;;???????? ??????????? ????????? ????????;??????;5;4;2730;535%;218;;;;;;;;;;;;???;???;????? ??????????-???????????? ??????????? ???????? ??????;????????? ??????????? ?????????? ??????????;;;
???;???;????? ??????????-???????????? ??????????? ???????? ??????;????????? ??????????? ?????????? ??????????;;147;;???????? ??????????? ????????? ????????;??????;5;4;2730;535%;218;;;;;;;;;;;;???;???;????? ??????????-???????????? ??????????? ???????? ??????;????????? ??????????? ?????????? ??????????;;;
???;???;?????????? ??'????;;;;;?????????? ??'????;;;;;;;;;;;;;;;;;;???;???;?????????? ??'????;;;;
???;???;?????????? ??’????;;;148;93;???????? ??????????;???????? ???????;7/6;7;3000;505%;420;????-???????;30.11.2021;? 41-?? ?? ?1912;;????? ??????? ????????????;;;;;;;???;???;?????????? ??’????;;;???????? ?????????? ??’???? ?????????? ????????????? ????????????;17.08.2025
???;???;?????????? ??’????;;;149;94;??????? ???????????????;??????? ??????;4/4;4;2730;535%;420;??????;19.05.1990;? 126 ?? 28678;;???????? ?????? ???????????;;;;;;;???;???;?????????? ??’????;;;??????? ??????????????? ?????????? ??’???? ?????????? ????????????? ????????????;11.08.2025
???;???;?????????? ??’????;;;150;95;??????? ??????????;??????? ??????;3/3;3;2640;544%;403;??????;17.10.2018;? 291 ???????????? ??? ?. ?????;;???????? ????????? ??????????;;;;;;;???;???;?????????? ??’????;;;??????? ?????????? ?????????? ??’???? ?????????? ????????????? ????????????;13.08.2025
???;???;?????????? ??’????;;;151;;?????-????????;??????;5/3;5;2820;523%;790;;;;;;;;;;;;???;???;?????????? ??’????;;;?????-???????? ?????????? ??’???? ?????????? ????????????? ????????????;
???;???;?????????? ??’????;;;152;;?????-??????????;??????;5/2;5;2820;523%;790;;;;;;;;;;;;???;???;?????????? ??’????;;;?????-?????????? ?????????? ??’???? ?????????? ????????????? ????????????;
???;???;?????????? ??’????;;;153;96;????????-???????????????;??????;4/3;4;2730;535%;474;??????;23.11.2012;?98, ??????????? ???? ?? ??;;?????????? ???? ??????????;;;;;;;???;???;?????????? ??’????;;;????????-??????????????? ?????????? ??’???? ?????????? ????????????? ????????????;12.08.2025
???;???;?????????? ??’????;;;154;97;???????????????;??????;3/2;3;2640;544%;420;??????;;;;???????? ?????? ???????????;;0;;;;;???;???;?????????? ??’????;;;??????????????? ?????????? ??’???? ?????????? ????????????? ????????????;26.06.2025
???;???;????? ???????????? ??????? ????????-??????????? ??????????????? ;;;;;????? ???????????? ??????? ????????-??????????? ??????????????? ;;;;;;;;;;;;;;;;;;???;???;????? ???????????? ??????? ????????-??????????? ??????????????? ;;;;
???;???;????? ???????????? ??????? ????????-??????????? ??????????????? ;;;155;;????????? ?????;???????;8;8;3080;492%;790;;;;;;;;;;;1;???;???;????? ???????????? ??????? ????????-??????????? ??????????????? ;;;;
???;???;????? ???????????? ??????? ????????-??????????? ??????????????? ;;;156;;?????;??????;5/2;5;2820;523%;790;;;;;;;;;;;;???;???;????? ???????????? ??????? ????????-??????????? ??????????????? ;;;;
???;???;????? ???????????? ??????? ????????-??????????? ??????????????? ;;;157;;?????;??????;5/2;5;2820;523%;790;;;;;;;;;;;;???;???;????? ???????????? ??????? ????????-??????????? ??????????????? ;;;;
???;???;????? ???????????? ??????? ????????-??????????? ??????????????? ;;;158;;?????;??????;5/2;5;2820;523%;790;;;;;;;;;;;;???;???;????? ???????????? ??????? ????????-??????????? ??????????????? ;;;;
???;???;????? ???????????? ??????? ????????-??????????? ??????????????? ;;;159;;?????;??????;5/2;5;2820;523%;790;;;;;;;;;;;;???;???;????? ???????????? ??????? ????????-??????????? ??????????????? ;;;;
???;???;????? ???????????? ??????? ????????-??????????? ??????????????? ;;;160;;?????;??????;5/2;5;2820;523%;790;;;;;;;;;;;;???;???;????? ???????????? ??????? ????????-??????????? ??????????????? ;;;;
???;???;????? ???????????? ??????? ????????-??????????? ??????????????? ;;;161;;?????;??????;5/2;5;2820;523%;790;;;;;;;;;;;;???;???;????? ???????????? ??????? ????????-??????????? ??????????????? ;;;;
???;???;????? ???????????? ??????? ????????-??????????? ??????????????? ;;;162;;?????;??????;5/2;5;2820;523%;790;;;;;;;;;;;;???;???;????? ???????????? ??????? ????????-??????????? ??????????????? ;;;;
???;???;????? ???????????? ??????? ??????????;;;;;????? ???????????? ??????? ??????????;;;;;;;;;;;;;;;;;;???;???;????? ???????????? ??????? ??????????;;;;
???;???;????? ???????????? ??????? ??????????;;;163;;????????? ?????;???????;8;8;3080;492%;790;;;;;;;;;;;1;???;???;????? ???????????? ??????? ??????????;;;;
???;???;????? ???????????? ??????? ??????????;;;164;;?????;??????;5/2;5;2820;523%;790;;;;;;;;;;;;???;???;????? ???????????? ??????? ??????????;;;;
???;???;????? ???????????? ??????? ??????????;;;165;;?????;??????;5/2;5;2820;523%;790;;;;;;;;;;;;???;???;????? ???????????? ??????? ??????????;;;;
???;???;????? ???????????? ??????? ??????????;;;166;;?????;??????;5/2;5;2820;523%;790;;;;;;;;;;;;???;???;????? ???????????? ??????? ??????????;;;;
???;???;????? ????????????? ???????????? ;;;;;????? ????????????? ???????????? ;;;;;;;;;;;;;;;;;;???;???;????? ????????????? ???????????? ;;;;
???;???;????? ????????????? ???????????? ;;;167;;???????? ??????;???????? ???????;11;11;3350;483%;787;;;;;;;;;;;;???;???;????? ????????????? ???????????? ;;;???????? ?????? ????????????? ???????????? ?????????? ????????????? ????????????;
???;???;????? ????????????? ???????????? ;???????????? ??????????;;;;???????????? ??????????;;;;;;;;;;;;;;;;;;???;???;????? ????????????? ???????????? ;???????????? ??????????;;;
???;???;????? ????????????? ???????????? ;???????????? ??????????;;168;98;???????? ??????? - ???????? ??????????;???????? ???????;10;10;3260;486%;790;???????? ???????;23.08.2025;????? ???. ?? ?4990 ? 25-??;;????????? ????????? ?????????????;;;;;;;???;???;????? ????????????? ???????????? ;???????????? ??????????;;???????? ??????? - ???????? ?????????????? ?????????? ?????? ????????????? ???????????? ?????????? ????????????? ????????????;04.03.2025
???;???;????? ????????????? ???????????? ;???????????? ??????????;;169;;??????? ?????;??????? ??????;6/4;6;2910;513%;790;;;;;;;;;;;;???;???;????? ????????????? ???????????? ;???????????? ??????????;;??????? ????? ?????????????? ?????????? ?????? ????????????? ???????????? ?????????? ????????????? ????????????;
???;???;????? ????????????? ???????????? ;???????????? ??????????;;170;;?????-?????????;??????;5/3;5;2820;523%;790;;;;;;;;;;;;???;???;????? ????????????? ???????????? ;???????????? ??????????;;?????-????????? ?????????????? ?????????? ?????? ????????????? ???????????? ?????????? ????????????? ????????????;
???;???;????? ????????????? ???????????? ;???????????? ??????????;;171;99;?????;??????;5/2;5;2820;523%;790;???????? ???????;12.04.1996;?62 ?2237;;???????? ???? ?????????????;;;;;;;???;???;????? ????????????? ???????????? ;???????????? ??????????;;????? ?????????????? ?????????? ?????? ????????????? ???????????? ?????????? ????????????? ????????????;11.08.2025
???;???;????? ????????????? ???????????? ;???????????? ??????????;;172;;?????;??????;5/2;5;2820;523%;790;;;;;;;;;;;;???;???;????? ????????????? ???????????? ;???????????? ??????????;;????? ?????????????? ?????????? ?????? ????????????? ???????????? ?????????? ????????????? ????????????;
???;???;????? ????????????? ???????????? ;?????????? ?????????? ;;;;?????????? ?????????? ;;;;;;;;;;;;;;;;;;???;???;????? ????????????? ???????????? ;?????????? ?????????? ;;;
???;???;????? ????????????? ???????????? ;?????????? ?????????? ;;173;100;???????? ??????????;???????? ???????;7/6;7;3000;505%;788;???????;30.09.2024;????? ????????? ?? ?4990 ?8-??;;?????? ??????? ???????????;;;;??????? ??????;;;???;???;????? ????????????? ???????????? ;?????????? ?????????? ;;???????? ?????????? ???????????? ?????????? ?????? ????????????? ???????????? ?????????? ????????????? ????????????;20.07.2024
???;???;????? ????????????? ???????????? ;?????????? ?????????? ;;174;;??????? ?????;??????? ??????;4/4;4;2730;535%;788;;;;;;;;;;;;???;???;????? ????????????? ???????????? ;?????????? ?????????? ;;??????? ????? ???????????? ?????????? ?????? ????????????? ???????????? ?????????? ????????????? ????????????;
???;???;????? ????????????? ???????????? ;?????????? ?????????? ;;175;;?????;??????;5/2;5;2820;523%;790;;;;;;;;;;;;???;???;????? ????????????? ???????????? ;?????????? ?????????? ;;????? ???????????? ?????????? ?????? ????????????? ???????????? ?????????? ????????????? ????????????;
???;???;????? ????????????? ???????????? ;?????????? ?????????? ;;176;;?????;??????;5/2;5;2820;523%;790;;;;;;;;;;;;???;???;????? ????????????? ???????????? ;?????????? ?????????? ;;????? ???????????? ?????????? ?????? ????????????? ???????????? ?????????? ????????????? ????????????;
???;???;????? ????????????? ???????????? ;?????????? ?????????? ;;177;101;?????;??????;5/2;5;2820;523%;790;??????;23.09.2025;????? ???. ?? ?4990 ? 27-??;;?????? ????????? ??????????;;;;;;;???;???;????? ????????????? ???????????? ;?????????? ?????????? ;;????? ???????????? ?????????? ?????? ????????????? ???????????? ?????????? ????????????? ????????????;11.08.2025
???;???;????? ????????????? ???????????? ;?????????? ?????????? ;;178;;?????;??????;3/2;3;2640;544%;788;;;;;;;;;;;;???;???;????? ????????????? ???????????? ;?????????? ?????????? ;;????? ???????????? ?????????? ?????? ????????????? ???????????? ?????????? ????????????? ????????????;
???;???;????? ????????????? ???????????? ;?????????? ?????????? ;;179;;?????;??????;3/2;3;2640;544%;788;;;;;;;;;;;;???;???;????? ????????????? ???????????? ;?????????? ?????????? ;;????? ???????????? ?????????? ?????? ????????????? ???????????? ?????????? ????????????? ????????????;
???;???;????? ????????????? ???????????? ;??????? ????? ;;;;??????? ????? ;;;;;;;;;;;;;;;;;;???;???;????? ????????????? ???????????? ;??????? ????? ;;;
???;???;????? ????????????? ???????????? ;??????? ????? ;;180;;????????? ?????;???????? ???????;5/5;5;2820;523%;789;;;;;;;;;;;;???;???;????? ????????????? ???????????? ;??????? ????? ;;????????? ????? ???????? ????? ?????? ????????????? ???????????? ?????????? ????????????? ????????????;
???;???;????? ????????????? ???????????? ;??????? ????? ;;181;102;?????-????????;??????;5/3;5;2820;523%;790;??????;27.11.2015;?207 ??????????? ??? ?? ??;;???????????? ????????? ??????????;;;;;;;???;???;????? ????????????? ???????????? ;??????? ????? ;;?????-???????? ???????? ????? ?????? ????????????? ???????????? ?????????? ????????????? ????????????;11.08.2025
???;???;????? ????????????? ???????????? ;??????? ????? ;;182;103;????????;??????;4/3;4;2730;535%;789;??????;23.09.2025;????? ???. ?? ?4990 ? 27-??;;?????? ??????? ????????;;;;;;;???;???;????? ????????????? ???????????? ;??????? ????? ;;???????? ???????? ????? ?????? ????????????? ???????????? ?????????? ????????????? ????????????;11.08.2025
???;???;??????? ???????;;;;;??????? ???????;;;;;;;;;;;;;;;;;;???;???;??????? ???????;;;;
???;???;??????? ???????;;;183;;????????? ???????;??????? ???????;9;9;3170;489%;967;;;;;;;;;;;;???;???;??????? ???????;;;;
???;???;??????? ???????;;;184;;??????? ?????;??????? ??????;6/4;6;2910;513%;790;;;;;;;;;;;;???;???;??????? ???????;;;;
???;???;??????? ???????;;;185;104;??????? ????????;??????? ??????;4/4;4;2730;535%;967;???????? ???????;14.04.1991;?? ?51429;;??????? ????? ??????????;;;;;;;???;???;??????? ???????;;;??????? ???????? ???????? ??????? ?????????? ????????????? ????????????;11.08.2025
???;???;??????? ???????;;;186;105;??????? ????????;??????? ??????;4/4;4;2730;535%;967;??????;;;;???????? ?????? ??????????;;;;;;;???;???;??????? ???????;;;??????? ???????? ???????? ??????? ?????????? ????????????? ????????????;11.06.2025
???;???;??????? ???????;;;187;106;????????;??????;3/2;3;2640;544%;967;??????;16.10.2023;???. ?/? ?4955 ?38;;????????? ????????? ?????????;;0;;;;;???;???;??????? ???????;;;???????? ???????? ??????? ?????????? ????????????? ????????????;26.06.2025
???;???;??????? ???????;;;188;107;????????;??????;3/2;3;2640;544%;967;??????? ??????;12.10.2017;???.?/??1912 ?651;;??????? ???? ??????????;;;;;;;???;???;??????? ???????;;;???????? ???????? ??????? ?????????? ????????????? ????????????;12.08.2025
???;???;??????? ???????;;;189;108;????????;??????;3/2;3;2640;544%;967;??????;18.06.1992;?78 ?? ???;;??????? ??????? ?????????????;;;;;;;???;???;??????? ???????;;;???????? ???????? ??????? ?????????? ????????????? ????????????;11.08.2025
???;???;??????? ???????;;;190;109;????????;??????;3/2;3;2640;544%;967;??????;;;;????????? ?????? ???????????;;0;;;;;???;???;??????? ???????;;;???????? ???????? ??????? ?????????? ????????????? ????????????;26.06.2025
???;???;??????? ???????;;;191;110;????????;??????;3/2;3;2640;544%;967;??????;01.03.2023;;;?????? ????????? ??????????;;0;;;;;???;???;??????? ???????;;;???????? ???????? ??????? ?????????? ????????????? ????????????;26.06.2025
???;???;??????? ???????;;;192;111;????????;??????;3/2;3;2640;544%;967;??????;05.08.2008;?94 ?? ???? ?? ??;;??????? ????????? ?????????????;;;;;;;???;???;??????? ???????;;;???????? ???????? ??????? ?????????? ????????????? ????????????;11.08.2025
???;???;??????? ???????;;;193;;?????;??????;5/2;5;2820;523%;790;;;;;;;;;;;;???;???;??????? ???????;;;????? ???????? ??????? ?????????? ????????????? ????????????;
???;???;???????? ????? ;;;;;???????? ????? ;;;;;;;;;;;;;;;;;;???;???;???????? ????? ;;;;
???;???;???????? ????? ;;;194;112;????????? ????????? ??????;???????? ???????;9;9;3170;489%;879;??????;12.08.2025;? 1028 ????????. ???? ?? ??;;??????????? ???? ?????????????;;;;;;;???;???;???????? ????? ;;;????????? ????????? ?????? ????????? ?????? ?????????? ????????????? ????????????;13.08.2025
???;???;???????? ????? ;;;195;113;?????????? ??????????;???????;7/5;7;3000;505%;879;???????? ???????;;;;??????? ???????? ??????????;;;;;;;???;???;???????? ????? ;;;?????????? ?????????? ????????? ?????? ?????????? ????????????? ????????????;21.08.2025
???;???;???????? ????? ;;;196;;?????-???????;??????;5/2;5;2820;523%;790;;;;;;;;;;;;???;???;???????? ????? ;;;?????-??????? ????????? ?????? ?????????? ????????????? ????????????;
